timestamp,packet_size,protocol,direction,is_malware
2026-02-17 23:00:05.288125,681,6,1,0
2026-02-17 23:00:06.564449,619,6,1,0
2026-02-17 23:00:08.298628,978,6,0,0
2026-02-17 23:00:09.685236,1253,6,0,0
2026-02-17 23:00:11.412327,618,6,0,0
2026-02-17 23:00:13.141594,626,6,0,0
2026-02-17 23:00:14.579615,1433,6,0,0
2026-02-17 23:00:16.154436,527,6,1,0
2026-02-17 23:00:16.810896,891,6,0,0
2026-02-17 23:00:18.112335,836,6,0,0
2026-02-17 23:00:18.224329,771,6,0,0
2026-02-17 23:00:18.790176,686,6,0,0
2026-02-17 23:00:19.144629,1005,6,0,0
2026-02-17 23:00:20.059501,566,6,1,0
2026-02-17 23:00:21.466673,1477,6,0,0
2026-02-17 23:00:23.110590,1064,6,0,0
2026-02-17 23:00:24.019403,550,6,0,0
2026-02-17 23:00:24.648049,814,6,0,0
2026-02-17 23:00:26.339462,1412,6,0,0
2026-02-17 23:00:27.217752,986,6,1,0
2026-02-17 23:00:28.294857,1338,6,0,0
2026-02-17 23:00:29.613257,925,6,0,0
2026-02-17 23:00:31.500908,590,6,1,0
2026-02-17 23:00:32.304059,1213,6,0,0
2026-02-17 23:00:32.603574,749,6,1,0
2026-02-17 23:00:33.764201,1454,6,0,0
2026-02-17 23:00:34.911349,684,6,1,0
2026-02-17 23:00:35.816633,958,6,0,0
2026-02-17 23:00:37.346652,688,6,0,0
2026-02-17 23:00:38.715404,861,6,1,0
2026-02-17 23:00:38.895785,608,6,1,0
2026-02-17 23:00:40.694458,1133,6,0,0
2026-02-17 23:00:42.353001,564,6,0,0
2026-02-17 23:00:43.375442,748,6,0,0
2026-02-17 23:00:44.470519,520,6,1,0
2026-02-17 23:00:45.270004,1464,6,1,0
2026-02-17 23:00:46.170141,728,6,0,0
2026-02-17 23:00:47.603741,1035,6,1,0
2026-02-17 23:00:48.781392,700,6,0,0
2026-02-17 23:00:49.518769,708,6,0,0
2026-02-17 23:00:50.235168,688,6,1,0
2026-02-17 23:00:52.100386,923,6,1,0
2026-02-17 23:00:53.593375,1040,6,0,0
2026-02-17 23:00:55.320447,1474,6,0,0
2026-02-17 23:00:56.193863,551,6,1,0
2026-02-17 23:00:57.298143,1394,6,1,0
2026-02-17 23:00:57.518674,1161,6,1,0
2026-02-17 23:00:57.926158,500,6,0,0
2026-02-17 23:00:58.368363,830,6,0,0
2026-02-17 23:01:00.037195,1260,6,1,0
2026-02-17 23:01:00.351090,1407,6,1,0
2026-02-17 23:01:01.948856,838,6,0,0
2026-02-17 23:01:03.676827,1371,6,1,0
2026-02-17 23:01:05.002664,1306,6,0,0
2026-02-17 23:01:05.302820,952,6,0,0
2026-02-17 23:01:06.972204,695,6,0,0
2026-02-17 23:01:07.736023,705,6,1,0
2026-02-17 23:01:09.616900,1258,6,0,0
2026-02-17 23:01:10.318069,883,6,0,0
2026-02-17 23:01:11.873963,920,6,0,0
2026-02-17 23:01:11.986387,823,6,1,0
2026-02-17 23:01:12.900789,621,6,1,0
2026-02-17 23:01:14.837442,1354,6,1,0
2026-02-17 23:01:15.999064,778,6,1,0
2026-02-17 23:01:16.132345,975,6,1,0
2026-02-17 23:01:17.991717,682,6,0,0
2026-02-17 23:01:18.841396,1389,6,1,0
2026-02-17 23:01:19.171343,1155,6,1,0
2026-02-17 23:01:19.711460,1011,6,0,0
2026-02-17 23:01:20.217596,1416,6,1,0
2026-02-17 23:01:20.904066,704,6,1,0
2026-02-17 23:01:21.316785,1333,6,0,0
2026-02-17 23:01:22.046903,1071,6,1,0
2026-02-17 23:01:22.858830,509,6,0,0
2026-02-17 23:01:23.525459,1152,6,1,0
2026-02-17 23:01:24.179877,1463,6,1,0
2026-02-17 23:01:24.736976,537,6,1,0
2026-02-17 23:01:24.912365,1050,6,1,0
2026-02-17 23:01:26.636863,712,6,0,0
2026-02-17 23:01:27.594131,1337,6,1,0
2026-02-17 23:01:28.740043,744,6,1,0
2026-02-17 23:01:28.983992,705,6,1,0
2026-02-17 23:01:30.495098,1255,6,0,0
2026-02-17 23:01:30.602057,1155,6,1,0
2026-02-17 23:01:31.197682,852,6,1,0
2026-02-17 23:01:31.753842,984,6,1,0
2026-02-17 23:01:33.170389,1379,6,1,0
2026-02-17 23:01:33.752520,871,6,0,0
2026-02-17 23:01:34.164882,536,6,0,0
2026-02-17 23:01:34.345152,1338,6,0,0
2026-02-17 23:01:35.168883,1031,6,0,0
2026-02-17 23:01:35.840767,725,6,1,0
2026-02-17 23:01:36.513447,1374,6,0,0
2026-02-17 23:01:38.400061,1340,6,1,0
2026-02-17 23:01:39.285785,1497,6,1,0
2026-02-17 23:01:39.719304,1288,6,1,0
2026-02-17 23:01:40.704316,1487,6,1,0
2026-02-17 23:01:41.306671,696,6,1,0
2026-02-17 23:01:42.029537,653,6,0,0
2026-02-17 23:01:43.856365,809,6,0,0
2026-02-17 23:01:48.856365,40,17,1,1
2026-02-17 23:01:53.856365,40,17,1,1
2026-02-17 23:01:58.856365,40,17,1,1
2026-02-17 23:02:03.856365,40,17,1,1
2026-02-17 23:02:08.856365,40,17,1,1
2026-02-17 23:02:13.856365,40,17,1,1
2026-02-17 23:02:18.856365,40,17,1,1
2026-02-17 23:02:23.856365,40,17,1,1
2026-02-17 23:02:28.856365,40,17,1,1
2026-02-17 23:02:33.856365,40,17,1,1
2026-02-17 23:02:38.856365,40,17,1,1
2026-02-17 23:02:43.856365,40,17,1,1
2026-02-17 23:02:48.856365,40,17,1,1
2026-02-17 23:02:53.856365,40,17,1,1
2026-02-17 23:02:58.856365,40,17,1,1
2026-02-17 23:03:03.856365,40,17,1,1
2026-02-17 23:03:08.856365,40,17,1,1
2026-02-17 23:03:13.856365,40,17,1,1
2026-02-17 23:03:18.856365,40,17,1,1
2026-02-17 23:03:23.856365,40,17,1,1
2026-02-17 23:03:28.856365,40,17,1,1
2026-02-17 23:03:33.856365,40,17,1,1
2026-02-17 23:03:38.856365,40,17,1,1
2026-02-17 23:03:43.856365,40,17,1,1
2026-02-17 23:03:48.856365,40,17,1,1
2026-02-17 23:03:53.856365,40,17,1,1
2026-02-17 23:03:58.856365,40,17,1,1
2026-02-17 23:04:03.856365,40,17,1,1
2026-02-17 23:04:08.856365,40,17,1,1
2026-02-17 23:04:13.856365,40,17,1,1
2026-02-17 23:04:18.856365,40,17,1,1
2026-02-17 23:04:23.856365,40,17,1,1
2026-02-17 23:04:28.856365,40,17,1,1
2026-02-17 23:04:33.856365,40,17,1,1
2026-02-17 23:04:38.856365,40,17,1,1
2026-02-17 23:04:43.856365,40,17,1,1
2026-02-17 23:04:48.856365,40,17,1,1
2026-02-17 23:04:53.856365,40,17,1,1
2026-02-17 23:04:58.856365,40,17,1,1
2026-02-17 23:05:03.856365,40,17,1,1
2026-02-17 23:05:08.856365,40,17,1,1
2026-02-17 23:05:13.856365,40,17,1,1
2026-02-17 23:05:18.856365,40,17,1,1
2026-02-17 23:05:23.856365,40,17,1,1
2026-02-17 23:05:28.856365,40,17,1,1
2026-02-17 23:05:33.856365,40,17,1,1
2026-02-17 23:05:38.856365,40,17,1,1
2026-02-17 23:05:43.856365,40,17,1,1
2026-02-17 23:05:48.856365,40,17,1,1
2026-02-17 23:05:53.856365,40,17,1,1
2026-02-17 23:05:58.856365,40,17,1,1
2026-02-17 23:06:03.856365,40,17,1,1
2026-02-17 23:06:08.856365,40,17,1,1
2026-02-17 23:06:13.856365,40,17,1,1
2026-02-17 23:06:18.856365,40,17,1,1
2026-02-17 23:06:23.856365,40,17,1,1
2026-02-17 23:06:28.856365,40,17,1,1
2026-02-17 23:06:33.856365,40,17,1,1
2026-02-17 23:06:38.856365,40,17,1,1
2026-02-17 23:06:43.856365,40,17,1,1
2026-02-17 23:06:48.856365,40,17,1,1
2026-02-17 23:06:53.856365,40,17,1,1
2026-02-17 23:06:58.856365,40,17,1,1
2026-02-17 23:07:03.856365,40,17,1,1
2026-02-17 23:07:08.856365,40,17,1,1
2026-02-17 23:07:13.856365,40,17,1,1
2026-02-17 23:07:18.856365,40,17,1,1
2026-02-17 23:07:23.856365,40,17,1,1
2026-02-17 23:07:28.856365,40,17,1,1
2026-02-17 23:07:33.856365,40,17,1,1
2026-02-17 23:07:38.856365,40,17,1,1
2026-02-17 23:07:43.856365,40,17,1,1
2026-02-17 23:07:48.856365,40,17,1,1
2026-02-17 23:07:53.856365,40,17,1,1
2026-02-17 23:07:58.856365,40,17,1,1
2026-02-17 23:08:03.856365,40,17,1,1
2026-02-17 23:08:08.856365,40,17,1,1
2026-02-17 23:08:13.856365,40,17,1,1
2026-02-17 23:08:18.856365,40,17,1,1
2026-02-17 23:08:23.856365,40,17,1,1
2026-02-17 23:08:28.856365,40,17,1,1
2026-02-17 23:08:33.856365,40,17,1,1
2026-02-17 23:08:38.856365,40,17,1,1
2026-02-17 23:08:43.856365,40,17,1,1
2026-02-17 23:08:48.856365,40,17,1,1
2026-02-17 23:08:53.856365,40,17,1,1
2026-02-17 23:08:58.856365,40,17,1,1
2026-02-17 23:09:03.856365,40,17,1,1
2026-02-17 23:09:08.856365,40,17,1,1
2026-02-17 23:09:13.856365,40,17,1,1
2026-02-17 23:09:18.856365,40,17,1,1
2026-02-17 23:09:23.856365,40,17,1,1
2026-02-17 23:09:28.856365,40,17,1,1
2026-02-17 23:09:33.856365,40,17,1,1
2026-02-17 23:09:38.856365,40,17,1,1
2026-02-17 23:09:43.856365,40,17,1,1
2026-02-17 23:09:48.856365,40,17,1,1
2026-02-17 23:09:53.856365,40,17,1,1
2026-02-17 23:09:58.856365,40,17,1,1
2026-02-17 23:10:03.856365,40,17,1,1
2026-02-17 23:10:04.531036,1209,6,0,0
2026-02-17 23:10:06.434569,1074,6,1,0
2026-02-17 23:10:08.409110,1160,6,1,0
2026-02-17 23:10:09.629888,708,6,1,0
2026-02-17 23:10:10.652802,1403,6,0,0
2026-02-17 23:10:12.564560,1046,6,1,0
2026-02-17 23:10:13.027162,1386,6,1,0
2026-02-17 23:10:14.301340,868,6,1,0
2026-02-17 23:10:16.146529,965,6,0,0
2026-02-17 23:10:17.116987,1106,6,1,0
2026-02-17 23:10:17.349567,619,6,0,0
2026-02-17 23:10:17.856157,878,6,0,0
2026-02-17 23:10:18.565775,986,6,1,0
2026-02-17 23:10:18.866204,1256,6,1,0
2026-02-17 23:10:19.423783,1125,6,1,0
2026-02-17 23:10:21.202159,728,6,0,0
2026-02-17 23:10:22.395268,1125,6,0,0
2026-02-17 23:10:22.749287,526,6,1,0
2026-02-17 23:10:23.926455,1381,6,0,0
2026-02-17 23:10:24.191067,1170,6,1,0
2026-02-17 23:10:24.825095,1272,6,1,0
2026-02-17 23:10:26.224142,1091,6,1,0
2026-02-17 23:10:26.611818,1047,6,0,0
2026-02-17 23:10:27.052861,1174,6,1,0
2026-02-17 23:10:29.003073,845,6,1,0
2026-02-17 23:10:30.596152,1229,6,1,0
2026-02-17 23:10:32.203369,1226,6,1,0
2026-02-17 23:10:33.124827,1267,6,1,0
2026-02-17 23:10:34.581793,718,6,1,0
2026-02-17 23:10:36.561558,809,6,0,0
2026-02-17 23:10:38.433078,698,6,0,0
2026-02-17 23:10:38.540381,779,6,1,0
2026-02-17 23:10:39.489118,879,6,1,0
2026-02-17 23:10:40.281656,1185,6,1,0
2026-02-17 23:10:41.449959,531,6,1,0
2026-02-17 23:10:42.132428,1196,6,0,0
2026-02-17 23:10:44.112931,1205,6,1,0
2026-02-17 23:10:44.618969,1239,6,1,0
2026-02-17 23:10:46.567907,534,6,0,0
2026-02-17 23:10:48.069457,860,6,1,0
2026-02-17 23:10:49.068437,1085,6,1,0
2026-02-17 23:10:49.950855,998,6,0,0
2026-02-17 23:10:50.246340,789,6,0,0
2026-02-17 23:10:50.932963,1221,6,0,0
2026-02-17 23:10:51.517585,1247,6,0,0
2026-02-17 23:10:53.286025,912,6,1,0
2026-02-17 23:10:54.016738,1128,6,1,0
2026-02-17 23:10:54.565605,979,6,0,0
2026-02-17 23:10:55.421524,1162,6,0,0
2026-02-17 23:10:56.486702,1097,6,1,0
2026-02-17 23:10:58.205401,1016,6,0,0
2026-02-17 23:10:59.756462,753,6,1,0
2026-02-17 23:11:00.579133,626,6,1,0
2026-02-17 23:11:00.972425,1178,6,1,0
2026-02-17 23:11:02.951337,589,6,1,0
2026-02-17 23:11:03.074525,618,6,1,0
2026-02-17 23:11:03.634848,894,6,0,0
2026-02-17 23:11:05.631826,713,6,0,0
2026-02-17 23:11:07.482315,925,6,0,0
2026-02-17 23:11:09.238558,810,6,1,0
2026-02-17 23:11:10.399231,1326,6,0,0
2026-02-17 23:11:10.751519,813,6,1,0
2026-02-17 23:11:12.511031,1010,6,0,0
2026-02-17 23:11:13.170709,860,6,0,0
2026-02-17 23:11:15.134412,1235,6,0,0
2026-02-17 23:11:16.476784,1211,6,1,0
2026-02-17 23:11:17.362713,861,6,0,0
2026-02-17 23:11:18.090180,968,6,0,0
2026-02-17 23:11:18.342273,842,6,0,0
2026-02-17 23:11:19.235250,680,6,1,0
2026-02-17 23:11:19.538598,1012,6,0,0
2026-02-17 23:11:21.300364,1373,6,0,0
2026-02-17 23:11:22.182213,1022,6,1,0
2026-02-17 23:11:23.592987,665,6,1,0
2026-02-17 23:11:25.199598,1479,6,0,0
2026-02-17 23:11:25.461795,665,6,1,0
2026-02-17 23:11:26.826864,704,6,0,0
2026-02-17 23:11:28.568000,568,6,0,0
2026-02-17 23:11:30.105849,1479,6,1,0
2026-02-17 23:11:31.572374,1376,6,0,0
2026-02-17 23:11:33.413560,1407,6,1,0
2026-02-17 23:11:33.890583,1259,6,1,0
2026-02-17 23:11:35.457416,1229,6,0,0
2026-02-17 23:11:35.564764,758,6,1,0
2026-02-17 23:11:37.146767,904,6,1,0
2026-02-17 23:11:37.652387,1042,6,1,0
2026-02-17 23:11:38.654688,886,6,1,0
2026-02-17 23:11:39.614479,1284,6,1,0
2026-02-17 23:11:41.021429,1055,6,1,0
2026-02-17 23:11:41.987359,585,6,0,0
2026-02-17 23:11:42.105917,752,6,0,0
2026-02-17 23:11:43.390407,621,6,0,0
2026-02-17 23:11:44.029828,613,6,0,0
2026-02-17 23:11:45.417578,1240,6,1,0
2026-02-17 23:11:45.921099,922,6,1,0
2026-02-17 23:11:46.495374,786,6,0,0
2026-02-17 23:11:48.089326,602,6,0,0
2026-02-17 23:11:49.941165,1093,6,1,0
2026-02-17 23:11:50.351223,1126,6,0,0
2026-02-17 23:11:50.532313,1087,6,0,0
2026-02-17 23:11:55.532313,40,17,1,1
2026-02-17 23:12:00.532313,40,17,1,1
2026-02-17 23:12:05.532313,40,17,1,1
2026-02-17 23:12:10.532313,40,17,1,1
2026-02-17 23:12:15.532313,40,17,1,1
2026-02-17 23:12:20.532313,40,17,1,1
2026-02-17 23:12:25.532313,40,17,1,1
2026-02-17 23:12:30.532313,40,17,1,1
2026-02-17 23:12:35.532313,40,17,1,1
2026-02-17 23:12:40.532313,40,17,1,1
2026-02-17 23:12:45.532313,40,17,1,1
2026-02-17 23:12:50.532313,40,17,1,1
2026-02-17 23:12:55.532313,40,17,1,1
2026-02-17 23:13:00.532313,40,17,1,1
2026-02-17 23:13:05.532313,40,17,1,1
2026-02-17 23:13:10.532313,40,17,1,1
2026-02-17 23:13:15.532313,40,17,1,1
2026-02-17 23:13:20.532313,40,17,1,1
2026-02-17 23:13:25.532313,40,17,1,1
2026-02-17 23:13:30.532313,40,17,1,1
2026-02-17 23:13:35.532313,40,17,1,1
2026-02-17 23:13:40.532313,40,17,1,1
2026-02-17 23:13:45.532313,40,17,1,1
2026-02-17 23:13:50.532313,40,17,1,1
2026-02-17 23:13:55.532313,40,17,1,1
2026-02-17 23:14:00.532313,40,17,1,1
2026-02-17 23:14:05.532313,40,17,1,1
2026-02-17 23:14:10.532313,40,17,1,1
2026-02-17 23:14:15.532313,40,17,1,1
2026-02-17 23:14:20.532313,40,17,1,1
2026-02-17 23:14:25.532313,40,17,1,1
2026-02-17 23:14:30.532313,40,17,1,1
2026-02-17 23:14:35.532313,40,17,1,1
2026-02-17 23:14:40.532313,40,17,1,1
2026-02-17 23:14:45.532313,40,17,1,1
2026-02-17 23:14:50.532313,40,17,1,1
2026-02-17 23:14:55.532313,40,17,1,1
2026-02-17 23:15:00.532313,40,17,1,1
2026-02-17 23:15:05.532313,40,17,1,1
2026-02-17 23:15:10.532313,40,17,1,1
2026-02-17 23:15:15.532313,40,17,1,1
2026-02-17 23:15:20.532313,40,17,1,1
2026-02-17 23:15:25.532313,40,17,1,1
2026-02-17 23:15:30.532313,40,17,1,1
2026-02-17 23:15:35.532313,40,17,1,1
2026-02-17 23:15:40.532313,40,17,1,1
2026-02-17 23:15:45.532313,40,17,1,1
2026-02-17 23:15:50.532313,40,17,1,1
2026-02-17 23:15:55.532313,40,17,1,1
2026-02-17 23:16:00.532313,40,17,1,1
2026-02-17 23:16:05.532313,40,17,1,1
2026-02-17 23:16:10.532313,40,17,1,1
2026-02-17 23:16:15.532313,40,17,1,1
2026-02-17 23:16:20.532313,40,17,1,1
2026-02-17 23:16:25.532313,40,17,1,1
2026-02-17 23:16:30.532313,40,17,1,1
2026-02-17 23:16:35.532313,40,17,1,1
2026-02-17 23:16:40.532313,40,17,1,1
2026-02-17 23:16:45.532313,40,17,1,1
2026-02-17 23:16:50.532313,40,17,1,1
2026-02-17 23:16:55.532313,40,17,1,1
2026-02-17 23:17:00.532313,40,17,1,1
2026-02-17 23:17:05.532313,40,17,1,1
2026-02-17 23:17:10.532313,40,17,1,1
2026-02-17 23:17:15.532313,40,17,1,1
2026-02-17 23:17:20.532313,40,17,1,1
2026-02-17 23:17:25.532313,40,17,1,1
2026-02-17 23:17:30.532313,40,17,1,1
2026-02-17 23:17:35.532313,40,17,1,1
2026-02-17 23:17:40.532313,40,17,1,1
2026-02-17 23:17:45.532313,40,17,1,1
2026-02-17 23:17:50.532313,40,17,1,1
2026-02-17 23:17:55.532313,40,17,1,1
2026-02-17 23:18:00.532313,40,17,1,1
2026-02-17 23:18:05.532313,40,17,1,1
2026-02-17 23:18:10.532313,40,17,1,1
2026-02-17 23:18:15.532313,40,17,1,1
2026-02-17 23:18:20.532313,40,17,1,1
2026-02-17 23:18:25.532313,40,17,1,1
2026-02-17 23:18:30.532313,40,17,1,1
2026-02-17 23:18:35.532313,40,17,1,1
2026-02-17 23:18:40.532313,40,17,1,1
2026-02-17 23:18:45.532313,40,17,1,1
2026-02-17 23:18:50.532313,40,17,1,1
2026-02-17 23:18:55.532313,40,17,1,1
2026-02-17 23:19:00.532313,40,17,1,1
2026-02-17 23:19:05.532313,40,17,1,1
2026-02-17 23:19:10.532313,40,17,1,1
2026-02-17 23:19:15.532313,40,17,1,1
2026-02-17 23:19:20.532313,40,17,1,1
2026-02-17 23:19:25.532313,40,17,1,1
2026-02-17 23:19:30.532313,40,17,1,1
2026-02-17 23:19:35.532313,40,17,1,1
2026-02-17 23:19:40.532313,40,17,1,1
2026-02-17 23:19:45.532313,40,17,1,1
2026-02-17 23:19:50.532313,40,17,1,1
2026-02-17 23:19:55.532313,40,17,1,1
2026-02-17 23:20:00.532313,40,17,1,1
2026-02-17 23:20:05.532313,40,17,1,1
2026-02-17 23:20:10.532313,40,17,1,1
2026-02-17 23:20:10.715002,699,6,0,0
2026-02-17 23:20:11.584889,522,6,1,0
2026-02-17 23:20:12.476866,1486,6,1,0
2026-02-17 23:20:13.913667,857,6,1,0
2026-02-17 23:20:15.494792,1239,6,0,0
2026-02-17 23:20:17.152163,1104,6,1,0
2026-02-17 23:20:17.267396,1053,6,1,0
2026-02-17 23:20:18.783765,1042,6,1,0
2026-02-17 23:20:19.075477,1481,6,0,0
2026-02-17 23:20:19.217737,1133,6,1,0
2026-02-17 23:20:19.428164,1448,6,0,0
2026-02-17 23:20:19.921125,1274,6,0,0
2026-02-17 23:20:20.046206,683,6,0,0
2026-02-17 23:20:21.381367,825,6,1,0
2026-02-17 23:20:23.380131,1279,6,0,0
2026-02-17 23:20:24.120221,1320,6,1,0
2026-02-17 23:20:24.377489,1227,6,1,0
2026-02-17 23:20:25.392608,701,6,0,0
2026-02-17 23:20:26.825896,916,6,0,0
2026-02-17 23:20:27.833989,1251,6,1,0
2026-02-17 23:20:28.399758,1433,6,0,0
2026-02-17 23:20:28.725042,592,6,0,0
2026-02-17 23:20:29.171229,1217,6,0,0
2026-02-17 23:20:30.053194,1212,6,1,0
2026-02-17 23:20:31.403057,1430,6,1,0
2026-02-17 23:20:33.120889,1275,6,0,0
2026-02-17 23:20:34.320540,1494,6,1,0
2026-02-17 23:20:35.562818,678,6,1,0
2026-02-17 23:20:36.911796,1036,6,1,0
2026-02-17 23:20:38.170282,1329,6,1,0
2026-02-17 23:20:38.332968,822,6,1,0
2026-02-17 23:20:38.461686,897,6,1,0
2026-02-17 23:20:39.932862,634,6,1,0
2026-02-17 23:20:41.649707,1482,6,0,0
2026-02-17 23:20:42.910666,1387,6,0,0
2026-02-17 23:20:43.654191,907,6,1,0
2026-02-17 23:20:44.957367,1053,6,1,0
2026-02-17 23:20:45.785981,923,6,0,0
2026-02-17 23:20:47.018855,706,6,1,0
2026-02-17 23:20:47.502695,629,6,1,0
2026-02-17 23:20:49.069641,723,6,0,0
2026-02-17 23:20:50.326053,1295,6,1,0
2026-02-17 23:20:50.917764,1114,6,1,0
2026-02-17 23:20:51.896445,1107,6,0,0
2026-02-17 23:20:53.240110,595,6,0,0
2026-02-17 23:20:55.197261,724,6,0,0
2026-02-17 23:20:55.939108,595,6,1,0
2026-02-17 23:20:57.772356,1229,6,0,0
2026-02-17 23:20:58.695242,620,6,0,0
2026-02-17 23:20:59.333430,717,6,0,0
2026-02-17 23:21:00.704839,1168,6,0,0
2026-02-17 23:21:02.470662,509,6,0,0
2026-02-17 23:21:03.404094,764,6,1,0
2026-02-17 23:21:05.173798,630,6,1,0
2026-02-17 23:21:05.598255,1329,6,1,0
2026-02-17 23:21:06.857519,1170,6,1,0
2026-02-17 23:21:08.203295,894,6,0,0
2026-02-17 23:21:09.161988,1446,6,0,0
2026-02-17 23:21:09.452425,1267,6,1,0
2026-02-17 23:21:10.277062,520,6,0,0
2026-02-17 23:21:11.057829,1094,6,0,0
2026-02-17 23:21:11.648260,1495,6,0,0
2026-02-17 23:21:11.777945,1073,6,0,0
2026-02-17 23:21:13.334436,1297,6,0,0
2026-02-17 23:21:14.671774,568,6,0,0
2026-02-17 23:21:14.781312,1347,6,1,0
2026-02-17 23:21:15.288312,768,6,0,0
2026-02-17 23:21:16.624069,820,6,0,0
2026-02-17 23:21:18.256594,1397,6,1,0
2026-02-17 23:21:19.778911,1388,6,0,0
2026-02-17 23:21:20.961797,1210,6,0,0
2026-02-17 23:21:22.910489,908,6,1,0
2026-02-17 23:21:23.793368,1286,6,0,0
2026-02-17 23:21:24.457220,1216,6,1,0
2026-02-17 23:21:24.616859,854,6,1,0
2026-02-17 23:21:26.516401,1276,6,1,0
2026-02-17 23:21:27.756953,556,6,1,0
2026-02-17 23:21:28.819905,1295,6,1,0
2026-02-17 23:21:29.073517,1400,6,1,0
2026-02-17 23:21:29.456904,1422,6,0,0
2026-02-17 23:21:29.996828,1131,6,0,0
2026-02-17 23:21:31.332161,1134,6,1,0
2026-02-17 23:21:32.759631,924,6,0,0
2026-02-17 23:21:33.699727,1055,6,0,0
2026-02-17 23:21:34.053014,1338,6,1,0
2026-02-17 23:21:35.184023,555,6,1,0
2026-02-17 23:21:35.400486,628,6,1,0
2026-02-17 23:21:36.162291,1433,6,1,0
2026-02-17 23:21:37.154023,818,6,1,0
2026-02-17 23:21:37.482315,649,6,1,0
2026-02-17 23:21:37.675416,516,6,1,0
2026-02-17 23:21:38.173964,1478,6,0,0
2026-02-17 23:21:39.474191,962,6,0,0
2026-02-17 23:21:39.966379,670,6,0,0
2026-02-17 23:21:41.665236,971,6,1,0
2026-02-17 23:21:42.507193,1077,6,1,0
2026-02-17 23:21:44.474331,844,6,0,0
2026-02-17 23:21:46.408402,851,6,1,0
2026-02-17 23:21:48.093572,1372,6,0,0
2026-02-17 23:21:49.080435,1191,6,1,0
2026-02-17 23:21:54.080435,40,17,1,1
2026-02-17 23:21:59.080435,40,17,1,1
2026-02-17 23:22:04.080435,40,17,1,1
2026-02-17 23:22:09.080435,40,17,1,1
2026-02-17 23:22:14.080435,40,17,1,1
2026-02-17 23:22:19.080435,40,17,1,1
2026-02-17 23:22:24.080435,40,17,1,1
2026-02-17 23:22:29.080435,40,17,1,1
2026-02-17 23:22:34.080435,40,17,1,1
2026-02-17 23:22:39.080435,40,17,1,1
2026-02-17 23:22:44.080435,40,17,1,1
2026-02-17 23:22:49.080435,40,17,1,1
2026-02-17 23:22:54.080435,40,17,1,1
2026-02-17 23:22:59.080435,40,17,1,1
2026-02-17 23:23:04.080435,40,17,1,1
2026-02-17 23:23:09.080435,40,17,1,1
2026-02-17 23:23:14.080435,40,17,1,1
2026-02-17 23:23:19.080435,40,17,1,1
2026-02-17 23:23:24.080435,40,17,1,1
2026-02-17 23:23:29.080435,40,17,1,1
2026-02-17 23:23:34.080435,40,17,1,1
2026-02-17 23:23:39.080435,40,17,1,1
2026-02-17 23:23:44.080435,40,17,1,1
2026-02-17 23:23:49.080435,40,17,1,1
2026-02-17 23:23:54.080435,40,17,1,1
2026-02-17 23:23:59.080435,40,17,1,1
2026-02-17 23:24:04.080435,40,17,1,1
2026-02-17 23:24:09.080435,40,17,1,1
2026-02-17 23:24:14.080435,40,17,1,1
2026-02-17 23:24:19.080435,40,17,1,1
2026-02-17 23:24:24.080435,40,17,1,1
2026-02-17 23:24:29.080435,40,17,1,1
2026-02-17 23:24:34.080435,40,17,1,1
2026-02-17 23:24:39.080435,40,17,1,1
2026-02-17 23:24:44.080435,40,17,1,1
2026-02-17 23:24:49.080435,40,17,1,1
2026-02-17 23:24:54.080435,40,17,1,1
2026-02-17 23:24:59.080435,40,17,1,1
2026-02-17 23:25:04.080435,40,17,1,1
2026-02-17 23:25:09.080435,40,17,1,1
2026-02-17 23:25:14.080435,40,17,1,1
2026-02-17 23:25:19.080435,40,17,1,1
2026-02-17 23:25:24.080435,40,17,1,1
2026-02-17 23:25:29.080435,40,17,1,1
2026-02-17 23:25:34.080435,40,17,1,1
2026-02-17 23:25:39.080435,40,17,1,1
2026-02-17 23:25:44.080435,40,17,1,1
2026-02-17 23:25:49.080435,40,17,1,1
2026-02-17 23:25:54.080435,40,17,1,1
2026-02-17 23:25:59.080435,40,17,1,1
2026-02-17 23:26:04.080435,40,17,1,1
2026-02-17 23:26:09.080435,40,17,1,1
2026-02-17 23:26:14.080435,40,17,1,1
2026-02-17 23:26:19.080435,40,17,1,1
2026-02-17 23:26:24.080435,40,17,1,1
2026-02-17 23:26:29.080435,40,17,1,1
2026-02-17 23:26:34.080435,40,17,1,1
2026-02-17 23:26:39.080435,40,17,1,1
2026-02-17 23:26:44.080435,40,17,1,1
2026-02-17 23:26:49.080435,40,17,1,1
2026-02-17 23:26:54.080435,40,17,1,1
2026-02-17 23:26:59.080435,40,17,1,1
2026-02-17 23:27:04.080435,40,17,1,1
2026-02-17 23:27:09.080435,40,17,1,1
2026-02-17 23:27:14.080435,40,17,1,1
2026-02-17 23:27:19.080435,40,17,1,1
2026-02-17 23:27:24.080435,40,17,1,1
2026-02-17 23:27:29.080435,40,17,1,1
2026-02-17 23:27:34.080435,40,17,1,1
2026-02-17 23:27:39.080435,40,17,1,1
2026-02-17 23:27:44.080435,40,17,1,1
2026-02-17 23:27:49.080435,40,17,1,1
2026-02-17 23:27:54.080435,40,17,1,1
2026-02-17 23:27:59.080435,40,17,1,1
2026-02-17 23:28:04.080435,40,17,1,1
2026-02-17 23:28:09.080435,40,17,1,1
2026-02-17 23:28:14.080435,40,17,1,1
2026-02-17 23:28:19.080435,40,17,1,1
2026-02-17 23:28:24.080435,40,17,1,1
2026-02-17 23:28:29.080435,40,17,1,1
2026-02-17 23:28:34.080435,40,17,1,1
2026-02-17 23:28:39.080435,40,17,1,1
2026-02-17 23:28:44.080435,40,17,1,1
2026-02-17 23:28:49.080435,40,17,1,1
2026-02-17 23:28:54.080435,40,17,1,1
2026-02-17 23:28:59.080435,40,17,1,1
2026-02-17 23:29:04.080435,40,17,1,1
2026-02-17 23:29:09.080435,40,17,1,1
2026-02-17 23:29:14.080435,40,17,1,1
2026-02-17 23:29:19.080435,40,17,1,1
2026-02-17 23:29:24.080435,40,17,1,1
2026-02-17 23:29:29.080435,40,17,1,1
2026-02-17 23:29:34.080435,40,17,1,1
2026-02-17 23:29:39.080435,40,17,1,1
2026-02-17 23:29:44.080435,40,17,1,1
2026-02-17 23:29:49.080435,40,17,1,1
2026-02-17 23:29:54.080435,40,17,1,1
2026-02-17 23:29:59.080435,40,17,1,1
2026-02-17 23:30:04.080435,40,17,1,1
2026-02-17 23:30:09.080435,40,17,1,1
2026-02-17 23:30:10.053278,569,6,1,0
2026-02-17 23:30:10.319169,1116,6,1,0
2026-02-17 23:30:11.729605,777,6,1,0
2026-02-17 23:30:12.838661,1475,6,1,0
2026-02-17 23:30:14.057879,1021,6,1,0
2026-02-17 23:30:14.662021,997,6,1,0
2026-02-17 23:30:16.365824,1338,6,1,0
2026-02-17 23:30:17.972796,1038,6,0,0
2026-02-17 23:30:18.324933,1116,6,1,0
2026-02-17 23:30:18.908529,775,6,0,0
2026-02-17 23:30:20.376272,948,6,1,0
2026-02-17 23:30:20.870380,946,6,1,0
2026-02-17 23:30:22.516069,1042,6,1,0
2026-02-17 23:30:24.333077,591,6,0,0
2026-02-17 23:30:25.606167,740,6,0,0
2026-02-17 23:30:27.106688,1303,6,1,0
2026-02-17 23:30:27.237188,934,6,0,0
2026-02-17 23:30:27.822023,739,6,0,0
2026-02-17 23:30:29.530562,736,6,0,0
2026-02-17 23:30:30.600264,853,6,0,0
2026-02-17 23:30:31.282210,1039,6,0,0
2026-02-17 23:30:32.960638,804,6,0,0
2026-02-17 23:30:33.762682,1438,6,0,0
2026-02-17 23:30:35.005581,1181,6,0,0
2026-02-17 23:30:36.286032,1222,6,0,0
2026-02-17 23:30:37.414552,1017,6,0,0
2026-02-17 23:30:38.870238,1032,6,0,0
2026-02-17 23:30:40.352358,901,6,1,0
2026-02-17 23:30:41.984330,1457,6,1,0
2026-02-17 23:30:42.714728,650,6,1,0
2026-02-17 23:30:43.730092,1140,6,1,0
2026-02-17 23:30:44.169140,1453,6,1,0
2026-02-17 23:30:44.947864,1075,6,1,0
2026-02-17 23:30:45.308946,1336,6,1,0
2026-02-17 23:30:46.112539,1228,6,0,0
2026-02-17 23:30:47.213558,1000,6,0,0
2026-02-17 23:30:47.544378,1151,6,1,0
2026-02-17 23:30:48.179957,1036,6,0,0
2026-02-17 23:30:49.697465,884,6,1,0
2026-02-17 23:30:50.943987,754,6,0,0
2026-02-17 23:30:52.260623,501,6,0,0
2026-02-17 23:30:53.891296,613,6,0,0
2026-02-17 23:30:55.324546,1239,6,1,0
2026-02-17 23:30:56.361425,1145,6,1,0
2026-02-17 23:30:56.786684,1160,6,0,0
2026-02-17 23:30:58.117564,998,6,0,0
2026-02-17 23:30:58.893159,784,6,0,0
2026-02-17 23:31:00.099806,993,6,1,0
2026-02-17 23:31:00.645672,1224,6,1,0
2026-02-17 23:31:01.353011,1412,6,1,0
2026-02-17 23:31:02.267707,1328,6,0,0
2026-02-17 23:31:02.685066,1393,6,0,0
2026-02-17 23:31:03.069233,1286,6,1,0
2026-02-17 23:31:05.039295,1404,6,1,0
2026-02-17 23:31:05.475344,1015,6,1,0
2026-02-17 23:31:05.668763,522,6,0,0
2026-02-17 23:31:07.307862,1010,6,1,0
2026-02-17 23:31:08.473397,815,6,0,0
2026-02-17 23:31:08.619850,1335,6,1,0
2026-02-17 23:31:09.667176,1036,6,0,0
2026-02-17 23:31:11.034460,631,6,1,0
2026-02-17 23:31:11.675642,1121,6,1,0
2026-02-17 23:31:11.797707,687,6,1,0
2026-02-17 23:31:13.365774,1471,6,1,0
2026-02-17 23:31:14.702431,918,6,0,0
2026-02-17 23:31:15.392343,948,6,1,0
2026-02-17 23:31:16.457541,1303,6,0,0
2026-02-17 23:31:17.773325,767,6,0,0
2026-02-17 23:31:18.993135,1269,6,0,0
2026-02-17 23:31:20.777723,1423,6,0,0
2026-02-17 23:31:21.408332,1002,6,0,0
2026-02-17 23:31:23.134387,704,6,0,0
2026-02-17 23:31:24.163599,580,6,0,0
2026-02-17 23:31:25.236786,1129,6,1,0
2026-02-17 23:31:25.535943,1275,6,0,0
2026-02-17 23:31:26.556946,1250,6,0,0
2026-02-17 23:31:27.635141,1423,6,1,0
2026-02-17 23:31:28.493957,738,6,1,0
2026-02-17 23:31:30.305590,727,6,1,0
2026-02-17 23:31:31.745924,638,6,1,0
2026-02-17 23:31:32.864287,1111,6,1,0
2026-02-17 23:31:34.010898,582,6,0,0
2026-02-17 23:31:35.029730,1468,6,0,0
2026-02-17 23:31:35.591655,630,6,1,0
2026-02-17 23:31:35.984804,1364,6,1,0
2026-02-17 23:31:36.140598,533,6,0,0
2026-02-17 23:31:37.511444,1193,6,0,0
2026-02-17 23:31:37.857415,709,6,1,0
2026-02-17 23:31:39.361359,1304,6,0,0
2026-02-17 23:31:41.280596,1412,6,1,0
2026-02-17 23:31:42.016123,798,6,0,0
2026-02-17 23:31:43.774845,1027,6,1,0
2026-02-17 23:31:44.671414,1069,6,0,0
2026-02-17 23:31:45.806751,1162,6,1,0
2026-02-17 23:31:46.784596,1372,6,0,0
2026-02-17 23:31:48.027271,1000,6,1,0
2026-02-17 23:31:49.209830,1363,6,1,0
2026-02-17 23:31:49.353729,1414,6,0,0
2026-02-17 23:31:49.877506,775,6,1,0
2026-02-17 23:31:50.684975,1238,6,0,0
2026-02-17 23:31:55.684975,40,17,1,1
2026-02-17 23:32:00.684975,40,17,1,1
2026-02-17 23:32:05.684975,40,17,1,1
2026-02-17 23:32:10.684975,40,17,1,1
2026-02-17 23:32:15.684975,40,17,1,1
2026-02-17 23:32:20.684975,40,17,1,1
2026-02-17 23:32:25.684975,40,17,1,1
2026-02-17 23:32:30.684975,40,17,1,1
2026-02-17 23:32:35.684975,40,17,1,1
2026-02-17 23:32:40.684975,40,17,1,1
2026-02-17 23:32:45.684975,40,17,1,1
2026-02-17 23:32:50.684975,40,17,1,1
2026-02-17 23:32:55.684975,40,17,1,1
2026-02-17 23:33:00.684975,40,17,1,1
2026-02-17 23:33:05.684975,40,17,1,1
2026-02-17 23:33:10.684975,40,17,1,1
2026-02-17 23:33:15.684975,40,17,1,1
2026-02-17 23:33:20.684975,40,17,1,1
2026-02-17 23:33:25.684975,40,17,1,1
2026-02-17 23:33:30.684975,40,17,1,1
2026-02-17 23:33:35.684975,40,17,1,1
2026-02-17 23:33:40.684975,40,17,1,1
2026-02-17 23:33:45.684975,40,17,1,1
2026-02-17 23:33:50.684975,40,17,1,1
2026-02-17 23:33:55.684975,40,17,1,1
2026-02-17 23:34:00.684975,40,17,1,1
2026-02-17 23:34:05.684975,40,17,1,1
2026-02-17 23:34:10.684975,40,17,1,1
2026-02-17 23:34:15.684975,40,17,1,1
2026-02-17 23:34:20.684975,40,17,1,1
2026-02-17 23:34:25.684975,40,17,1,1
2026-02-17 23:34:30.684975,40,17,1,1
2026-02-17 23:34:35.684975,40,17,1,1
2026-02-17 23:34:40.684975,40,17,1,1
2026-02-17 23:34:45.684975,40,17,1,1
2026-02-17 23:34:50.684975,40,17,1,1
2026-02-17 23:34:55.684975,40,17,1,1
2026-02-17 23:35:00.684975,40,17,1,1
2026-02-17 23:35:05.684975,40,17,1,1
2026-02-17 23:35:10.684975,40,17,1,1
2026-02-17 23:35:15.684975,40,17,1,1
2026-02-17 23:35:20.684975,40,17,1,1
2026-02-17 23:35:25.684975,40,17,1,1
2026-02-17 23:35:30.684975,40,17,1,1
2026-02-17 23:35:35.684975,40,17,1,1
2026-02-17 23:35:40.684975,40,17,1,1
2026-02-17 23:35:45.684975,40,17,1,1
2026-02-17 23:35:50.684975,40,17,1,1
2026-02-17 23:35:55.684975,40,17,1,1
2026-02-17 23:36:00.684975,40,17,1,1
2026-02-17 23:36:05.684975,40,17,1,1
2026-02-17 23:36:10.684975,40,17,1,1
2026-02-17 23:36:15.684975,40,17,1,1
2026-02-17 23:36:20.684975,40,17,1,1
2026-02-17 23:36:25.684975,40,17,1,1
2026-02-17 23:36:30.684975,40,17,1,1
2026-02-17 23:36:35.684975,40,17,1,1
2026-02-17 23:36:40.684975,40,17,1,1
2026-02-17 23:36:45.684975,40,17,1,1
2026-02-17 23:36:50.684975,40,17,1,1
2026-02-17 23:36:55.684975,40,17,1,1
2026-02-17 23:37:00.684975,40,17,1,1
2026-02-17 23:37:05.684975,40,17,1,1
2026-02-17 23:37:10.684975,40,17,1,1
2026-02-17 23:37:15.684975,40,17,1,1
2026-02-17 23:37:20.684975,40,17,1,1
2026-02-17 23:37:25.684975,40,17,1,1
2026-02-17 23:37:30.684975,40,17,1,1
2026-02-17 23:37:35.684975,40,17,1,1
2026-02-17 23:37:40.684975,40,17,1,1
2026-02-17 23:37:45.684975,40,17,1,1
2026-02-17 23:37:50.684975,40,17,1,1
2026-02-17 23:37:55.684975,40,17,1,1
2026-02-17 23:38:00.684975,40,17,1,1
2026-02-17 23:38:05.684975,40,17,1,1
2026-02-17 23:38:10.684975,40,17,1,1
2026-02-17 23:38:15.684975,40,17,1,1
2026-02-17 23:38:20.684975,40,17,1,1
2026-02-17 23:38:25.684975,40,17,1,1
2026-02-17 23:38:30.684975,40,17,1,1
2026-02-17 23:38:35.684975,40,17,1,1
2026-02-17 23:38:40.684975,40,17,1,1
2026-02-17 23:38:45.684975,40,17,1,1
2026-02-17 23:38:50.684975,40,17,1,1
2026-02-17 23:38:55.684975,40,17,1,1
2026-02-17 23:39:00.684975,40,17,1,1
2026-02-17 23:39:05.684975,40,17,1,1
2026-02-17 23:39:10.684975,40,17,1,1
2026-02-17 23:39:15.684975,40,17,1,1
2026-02-17 23:39:20.684975,40,17,1,1
2026-02-17 23:39:25.684975,40,17,1,1
2026-02-17 23:39:30.684975,40,17,1,1
2026-02-17 23:39:35.684975,40,17,1,1
2026-02-17 23:39:40.684975,40,17,1,1
2026-02-17 23:39:45.684975,40,17,1,1
2026-02-17 23:39:50.684975,40,17,1,1
2026-02-17 23:39:55.684975,40,17,1,1
2026-02-17 23:40:00.684975,40,17,1,1
2026-02-17 23:40:05.684975,40,17,1,1
2026-02-17 23:40:10.684975,40,17,1,1
2026-02-17 23:40:12.002347,696,6,1,0
2026-02-17 23:40:13.723271,1368,6,1,0
2026-02-17 23:40:14.393404,711,6,1,0
2026-02-17 23:40:14.812532,976,6,1,0
2026-02-17 23:40:15.828649,1083,6,0,0
2026-02-17 23:40:17.547837,990,6,1,0
2026-02-17 23:40:18.730439,679,6,0,0
2026-02-17 23:40:19.217538,519,6,1,0
2026-02-17 23:40:19.520667,961,6,1,0
2026-02-17 23:40:19.689932,1199,6,0,0
2026-02-17 23:40:20.535363,613,6,1,0
2026-02-17 23:40:21.633019,685,6,1,0
2026-02-17 23:40:22.093052,1395,6,0,0
2026-02-17 23:40:22.955136,1391,6,1,0
2026-02-17 23:40:23.269669,1491,6,0,0
2026-02-17 23:40:24.872441,917,6,1,0
2026-02-17 23:40:25.816832,1490,6,1,0
2026-02-17 23:40:27.646530,838,6,0,0
2026-02-17 23:40:28.978433,1046,6,0,0
2026-02-17 23:40:30.677399,1446,6,1,0
2026-02-17 23:40:31.375457,1470,6,0,0
2026-02-17 23:40:31.514478,616,6,1,0
2026-02-17 23:40:33.197926,1441,6,1,0
2026-02-17 23:40:35.143985,574,6,1,0
2026-02-17 23:40:36.775694,1491,6,0,0
2026-02-17 23:40:38.649284,1235,6,0,0
2026-02-17 23:40:39.969499,563,6,1,0
2026-02-17 23:40:40.969359,640,6,1,0
2026-02-17 23:40:42.954641,1101,6,1,0
2026-02-17 23:40:44.396924,1455,6,0,0
2026-02-17 23:40:44.805801,1455,6,0,0
2026-02-17 23:40:46.259335,734,6,1,0
2026-02-17 23:40:46.364773,869,6,1,0
2026-02-17 23:40:48.023299,1176,6,1,0
2026-02-17 23:40:48.740563,1278,6,1,0
2026-02-17 23:40:50.231999,626,6,0,0
2026-02-17 23:40:51.555331,608,6,0,0
2026-02-17 23:40:53.089667,1096,6,1,0
2026-02-17 23:40:53.501997,1258,6,0,0
2026-02-17 23:40:55.195084,1498,6,0,0
2026-02-17 23:40:56.480087,1059,6,1,0
2026-02-17 23:40:57.730773,1445,6,0,0
2026-02-17 23:40:58.851700,1488,6,1,0
2026-02-17 23:41:00.075080,1237,6,1,0
2026-02-17 23:41:01.829903,962,6,1,0
2026-02-17 23:41:03.813472,1340,6,0,0
2026-02-17 23:41:05.450720,924,6,0,0
2026-02-17 23:41:06.816705,807,6,1,0
2026-02-17 23:41:08.571233,1320,6,0,0
2026-02-17 23:41:10.373140,595,6,0,0
2026-02-17 23:41:10.502058,568,6,0,0
2026-02-17 23:41:11.282854,969,6,1,0
2026-02-17 23:41:11.612316,742,6,1,0
2026-02-17 23:41:13.184795,538,6,1,0
2026-02-17 23:41:15.109021,1150,6,1,0
2026-02-17 23:41:17.093062,683,6,0,0
2026-02-17 23:41:17.643250,775,6,0,0
2026-02-17 23:41:18.288016,567,6,0,0
2026-02-17 23:41:18.480740,983,6,1,0
2026-02-17 23:41:18.842442,829,6,1,0
2026-02-17 23:41:18.974267,1138,6,0,0
2026-02-17 23:41:19.197040,876,6,1,0
2026-02-17 23:41:19.703377,927,6,0,0
2026-02-17 23:41:20.414483,965,6,0,0
2026-02-17 23:41:20.719306,1144,6,1,0
2026-02-17 23:41:20.911385,874,6,0,0
2026-02-17 23:41:22.504909,1178,6,1,0
2026-02-17 23:41:24.443626,1429,6,0,0
2026-02-17 23:41:26.012095,920,6,0,0
2026-02-17 23:41:26.837815,732,6,1,0
2026-02-17 23:41:27.549447,1448,6,1,0
2026-02-17 23:41:29.040836,522,6,1,0
2026-02-17 23:41:30.217991,1097,6,1,0
2026-02-17 23:41:31.875310,1010,6,1,0
2026-02-17 23:41:32.027579,1305,6,1,0
2026-02-17 23:41:33.040811,538,6,0,0
2026-02-17 23:41:34.830066,1455,6,1,0
2026-02-17 23:41:35.984148,1285,6,1,0
2026-02-17 23:41:36.787431,614,6,1,0
2026-02-17 23:41:38.145262,531,6,0,0
2026-02-17 23:41:39.073321,1378,6,1,0
2026-02-17 23:41:40.773683,1437,6,1,0
2026-02-17 23:41:42.281144,779,6,1,0
2026-02-17 23:41:42.704616,1497,6,0,0
2026-02-17 23:41:42.808819,1478,6,0,0
2026-02-17 23:41:43.943557,792,6,0,0
2026-02-17 23:41:44.709521,1424,6,0,0
2026-02-17 23:41:44.961575,1239,6,1,0
2026-02-17 23:41:46.306191,508,6,0,0
2026-02-17 23:41:47.345941,1405,6,0,0
2026-02-17 23:41:47.569550,1213,6,0,0
2026-02-17 23:41:47.699675,718,6,1,0
2026-02-17 23:41:49.416086,1349,6,1,0
2026-02-17 23:41:49.837740,946,6,0,0
2026-02-17 23:41:50.626471,694,6,0,0
2026-02-17 23:41:51.896864,1487,6,0,0
2026-02-17 23:41:53.428665,630,6,1,0
2026-02-17 23:41:54.346213,1335,6,0,0
2026-02-17 23:41:55.657938,584,6,0,0
2026-02-17 23:41:55.961496,1469,6,0,0
2026-02-17 23:42:00.961496,40,17,1,1
2026-02-17 23:42:05.961496,40,17,1,1
2026-02-17 23:42:10.961496,40,17,1,1
2026-02-17 23:42:15.961496,40,17,1,1
2026-02-17 23:42:20.961496,40,17,1,1
2026-02-17 23:42:25.961496,40,17,1,1
2026-02-17 23:42:30.961496,40,17,1,1
2026-02-17 23:42:35.961496,40,17,1,1
2026-02-17 23:42:40.961496,40,17,1,1
2026-02-17 23:42:45.961496,40,17,1,1
2026-02-17 23:42:50.961496,40,17,1,1
2026-02-17 23:42:55.961496,40,17,1,1
2026-02-17 23:43:00.961496,40,17,1,1
2026-02-17 23:43:05.961496,40,17,1,1
2026-02-17 23:43:10.961496,40,17,1,1
2026-02-17 23:43:15.961496,40,17,1,1
2026-02-17 23:43:20.961496,40,17,1,1
2026-02-17 23:43:25.961496,40,17,1,1
2026-02-17 23:43:30.961496,40,17,1,1
2026-02-17 23:43:35.961496,40,17,1,1
2026-02-17 23:43:40.961496,40,17,1,1
2026-02-17 23:43:45.961496,40,17,1,1
2026-02-17 23:43:50.961496,40,17,1,1
2026-02-17 23:43:55.961496,40,17,1,1
2026-02-17 23:44:00.961496,40,17,1,1
2026-02-17 23:44:05.961496,40,17,1,1
2026-02-17 23:44:10.961496,40,17,1,1
2026-02-17 23:44:15.961496,40,17,1,1
2026-02-17 23:44:20.961496,40,17,1,1
2026-02-17 23:44:25.961496,40,17,1,1
2026-02-17 23:44:30.961496,40,17,1,1
2026-02-17 23:44:35.961496,40,17,1,1
2026-02-17 23:44:40.961496,40,17,1,1
2026-02-17 23:44:45.961496,40,17,1,1
2026-02-17 23:44:50.961496,40,17,1,1
2026-02-17 23:44:55.961496,40,17,1,1
2026-02-17 23:45:00.961496,40,17,1,1
2026-02-17 23:45:05.961496,40,17,1,1
2026-02-17 23:45:10.961496,40,17,1,1
2026-02-17 23:45:15.961496,40,17,1,1
2026-02-17 23:45:20.961496,40,17,1,1
2026-02-17 23:45:25.961496,40,17,1,1
2026-02-17 23:45:30.961496,40,17,1,1
2026-02-17 23:45:35.961496,40,17,1,1
2026-02-17 23:45:40.961496,40,17,1,1
2026-02-17 23:45:45.961496,40,17,1,1
2026-02-17 23:45:50.961496,40,17,1,1
2026-02-17 23:45:55.961496,40,17,1,1
2026-02-17 23:46:00.961496,40,17,1,1
2026-02-17 23:46:05.961496,40,17,1,1
2026-02-17 23:46:10.961496,40,17,1,1
2026-02-17 23:46:15.961496,40,17,1,1
2026-02-17 23:46:20.961496,40,17,1,1
2026-02-17 23:46:25.961496,40,17,1,1
2026-02-17 23:46:30.961496,40,17,1,1
2026-02-17 23:46:35.961496,40,17,1,1
2026-02-17 23:46:40.961496,40,17,1,1
2026-02-17 23:46:45.961496,40,17,1,1
2026-02-17 23:46:50.961496,40,17,1,1
2026-02-17 23:46:55.961496,40,17,1,1
2026-02-17 23:47:00.961496,40,17,1,1
2026-02-17 23:47:05.961496,40,17,1,1
2026-02-17 23:47:10.961496,40,17,1,1
2026-02-17 23:47:15.961496,40,17,1,1
2026-02-17 23:47:20.961496,40,17,1,1
2026-02-17 23:47:25.961496,40,17,1,1
2026-02-17 23:47:30.961496,40,17,1,1
2026-02-17 23:47:35.961496,40,17,1,1
2026-02-17 23:47:40.961496,40,17,1,1
2026-02-17 23:47:45.961496,40,17,1,1
2026-02-17 23:47:50.961496,40,17,1,1
2026-02-17 23:47:55.961496,40,17,1,1
2026-02-17 23:48:00.961496,40,17,1,1
2026-02-17 23:48:05.961496,40,17,1,1
2026-02-17 23:48:10.961496,40,17,1,1
2026-02-17 23:48:15.961496,40,17,1,1
2026-02-17 23:48:20.961496,40,17,1,1
2026-02-17 23:48:25.961496,40,17,1,1
2026-02-17 23:48:30.961496,40,17,1,1
2026-02-17 23:48:35.961496,40,17,1,1
2026-02-17 23:48:40.961496,40,17,1,1
2026-02-17 23:48:45.961496,40,17,1,1
2026-02-17 23:48:50.961496,40,17,1,1
2026-02-17 23:48:55.961496,40,17,1,1
2026-02-17 23:49:00.961496,40,17,1,1
2026-02-17 23:49:05.961496,40,17,1,1
2026-02-17 23:49:10.961496,40,17,1,1
2026-02-17 23:49:15.961496,40,17,1,1
2026-02-17 23:49:20.961496,40,17,1,1
2026-02-17 23:49:25.961496,40,17,1,1
2026-02-17 23:49:30.961496,40,17,1,1
2026-02-17 23:49:35.961496,40,17,1,1
2026-02-17 23:49:40.961496,40,17,1,1
2026-02-17 23:49:45.961496,40,17,1,1
2026-02-17 23:49:50.961496,40,17,1,1
2026-02-17 23:49:55.961496,40,17,1,1
2026-02-17 23:50:00.961496,40,17,1,1
2026-02-17 23:50:05.961496,40,17,1,1
2026-02-17 23:50:10.961496,40,17,1,1
2026-02-17 23:50:15.961496,40,17,1,1
